username,password,mobile_number
john_doe,John2024!,7304744750
jane_smith,Jane2024@,7304744751
michael_jones,Michael2024#,7304744752
emily_clark,Emily2024$,7304744753
david_wilson,David2024%,7304744754
sarah_johnson,Sarah2024^,7304744755
chris_brown,Chris2024&,7304744756
laura_martin,Laura2024*,7304744757
james_taylor,James2024(,7304744758
linda_white,Linda2024),7304744759
robert_lee,Robert2024_,7304744760
karen_hall,Karen2024+,7304744761
william_davis,William2024=,7304744762
nancy_thompson,Nancy2024!,7304744763
daniel_moore,Daniel2024@,7304744764
lisa_wright,Lisa2024#,7304744765
matthew_king,Matthew2024$,7304744766
barbara_harris,Barbara2024%,7304744767
mark_allen,Mark2024^,7304744768
patricia_scott,Patricia2024&,7304744769
steven_young,Steven2024*,7304744770
ashley_green,Ashley2024(,7304744771
brian_adams,Brian2024),7304744772
amanda_baker,Amanda2024_,7304744773
kevin_campbell,Kevin2024+,7304744774
megan_hill,Megan2024=,7304744775
george_robinson,George2024!,7304744776
rachel_clark,Rachel2024@,7304744777
andrew_walker,Andrew2024#,7304744778
melissa_lewis,Melissa2024$,7304744779
joshua_hall,Joshua2024%,7304744780
rebecca_young,Rebecca2024^,7304744781
ryan_hernandez,Ryan2024&,7304744782
katherine_miller,Katherine2024*,7304744783
aaron_martinez,Aaron2024(,7304744784
nicole_lopez,Nicole2024),7304744785
jeffrey_rodriguez,Jeffrey2024_,7304744786
victoria_gonzalez,Victoria2024+,7304744787
justin_wilson,Justin2024=,7304744788
samantha_hernandez,Samantha2024!,7304744789
joseph_harris,Joseph2024@,7304744790
elizabeth_white,Elizabeth2024#,7304744791
paul_moore,Paul2024$,7304744792
kimberly_taylor,Kimberly2024%,7304744793
adam_anderson,Adam2024^,7304744794
stephanie_thomas,Stephanie2024&,7304744795
patrick_martin,Patrick2024*,7304744796
lauren_jackson,Lauren2024(,7304744797
zachary_lee,Zachary2024),7304744798
amber_wright,Amber2024_,7304744799
